experiment_id,experiment_number,pipeline_version,attack_type,message,quantum_state,shots,zero_count,one_count,probability_0,probability_1,error_rate,quantum_accuracy,noise_probability,threshold,classical_signature_valid,qds_valid,replay_detected,attack_detected,likely_attack_type,final_decision,ground_truth
3571ee74-b39a-4b21-9fa2-2a8055ed0a55,1,1.0,LEGITIMATE,SIH26141,Z,1000,1000,0,1.0,0.0,0.0,1.0,0.02,0.95,True,True,False,False,LEGITIMATE,TRUSTED,False
80e0ccf1-dbc9-47ac-9fa4-fdc80de88bf5,2,1.0,LEGITIMATE,QuantumSecure,Z,1000,1000,0,1.0,0.0,0.0,1.0,0.02,0.95,True,True,False,False,LEGITIMATE,TRUSTED,False
4e01c1d2-0564-42a0-87eb-c545c27e3411,3,1.0,LEGITIMATE,HelloBob,Z,1000,1000,0,1.0,0.0,0.0,1.0,0.02,0.95,True,True,False,False,LEGITIMATE,TRUSTED,False
2bb4cddb-8b69-4cb2-9318-825b5fcc8047,4,1.0,LEGITIMATE,TestMsg42,X,1000,1000,0,1.0,0.0,0.0,1.0,0.02,0.95,True,True,False,False,LEGITIMATE,TRUSTED,False
d1d9055c-a3e4-46ba-8586-c8cc384f4c46,5,1.0,LEGITIMATE,SecretData,X,1000,1000,0,1.0,0.0,0.0,1.0,0.02,0.95,True,True,False,False,LEGITIMATE,TRUSTED,False
98dfa212-979e-4f82-b6f1-fcf1708b92f0,6,1.0,LEGITIMATE,SIH26141,Y,1000,1000,0,1.0,0.0,0.0,1.0,0.02,0.95,True,True,False,False,LEGITIMATE,TRUSTED,False
aeb6c938-9411-4aac-b4af-4dba02e1d154,7,1.0,LEGITIMATE,QuantumSecure,Z,1000,1000,0,1.0,0.0,0.0,1.0,0.02,0.95,True,True,False,False,LEGITIMATE,TRUSTED,False
88347212-3451-479f-abde-754210f3eaea,8,1.0,LEGITIMATE,HelloBob,X,1000,1000,0,1.0,0.0,0.0,1.0,0.02,0.95,True,True,False,False,LEGITIMATE,TRUSTED,False
2cd049ef-a98f-47da-b380-3df750728c09,9,1.0,LEGITIMATE,TestMsg42,X,1000,1000,0,1.0,0.0,0.0,1.0,0.02,0.95,True,True,False,False,LEGITIMATE,TRUSTED,False
68b2d2ac-6e78-4fd4-93a2-13e52340fa10,10,1.0,LEGITIMATE,SecretData,Y,1000,1000,0,1.0,0.0,0.0,1.0,0.02,0.95,True,True,False,False,LEGITIMATE,TRUSTED,False
2159e2d9-09db-494c-a763-9ea142400afc,11,1.0,FORGERY,SIH26141,X,1000,1000,0,1.0,0.0,0.0,1.0,0.02,0.95,False,False,False,True,FORGERY_OR_IMPERSONATION,INVALID / SUSPICIOUS,True
ea98c134-cc02-45c7-97e9-b76ead597085,12,1.0,FORGERY,QuantumSecure,X,1000,1000,0,1.0,0.0,0.0,1.0,0.02,0.95,False,False,False,True,FORGERY_OR_IMPERSONATION,INVALID / SUSPICIOUS,True
683935db-3c6b-4d16-8c53-991b8359b5c6,13,1.0,FORGERY,HelloBob,Y,1000,1000,0,1.0,0.0,0.0,1.0,0.02,0.95,False,False,False,True,FORGERY_OR_IMPERSONATION,INVALID / SUSPICIOUS,True
870f114b-c6fe-4d06-b00d-63c043361d3e,14,1.0,FORGERY,TestMsg42,Z,1000,1000,0,1.0,0.0,0.0,1.0,0.02,0.95,False,False,False,True,FORGERY_OR_IMPERSONATION,INVALID / SUSPICIOUS,True
07f471cc-f4a4-49b5-bb5f-f97dd2090bf2,15,1.0,FORGERY,SecretData,Y,1000,1000,0,1.0,0.0,0.0,1.0,0.02,0.95,False,False,False,True,FORGERY_OR_IMPERSONATION,INVALID / SUSPICIOUS,True
d41fb3d7-05f8-4813-8bd7-bb5fb86b8699,16,1.0,FORGERY,SIH26141,X,1000,1000,0,1.0,0.0,0.0,1.0,0.02,0.95,False,False,False,True,FORGERY_OR_IMPERSONATION,INVALID / SUSPICIOUS,True
b88d4b32-d40f-4705-a326-9610fd967144,17,1.0,FORGERY,QuantumSecure,X,1000,1000,0,1.0,0.0,0.0,1.0,0.02,0.95,False,False,False,True,FORGERY_OR_IMPERSONATION,INVALID / SUSPICIOUS,True
4df60ff2-620b-46d2-8f74-2f227e9f65c3,18,1.0,FORGERY,HelloBob,X,1000,1000,0,1.0,0.0,0.0,1.0,0.02,0.95,False,False,False,True,FORGERY_OR_IMPERSONATION,INVALID / SUSPICIOUS,True
6431eb28-7e30-4a17-b668-4bbbd032450f,19,1.0,FORGERY,TestMsg42,Z,1000,1000,0,1.0,0.0,0.0,1.0,0.02,0.95,False,False,False,True,FORGERY_OR_IMPERSONATION,INVALID / SUSPICIOUS,True
4d580d63-3c27-45fb-8cd8-437a8535c82c,20,1.0,FORGERY,SecretData,Y,1000,1000,0,1.0,0.0,0.0,1.0,0.02,0.95,False,False,False,True,FORGERY_OR_IMPERSONATION,INVALID / SUSPICIOUS,True
33ef294f-0b36-4cef-aa6b-92bcbe141290,21,1.0,IMPERSONATION,SIH26141,Z,1000,1000,0,1.0,0.0,0.0,1.0,0.02,0.95,False,False,False,True,FORGERY_OR_IMPERSONATION,INVALID / SUSPICIOUS,True
fcd05cf0-9cfd-44f0-8c0b-dd79b2be9e73,22,1.0,IMPERSONATION,QuantumSecure,Y,1000,1000,0,1.0,0.0,0.0,1.0,0.02,0.95,False,False,False,True,FORGERY_OR_IMPERSONATION,INVALID / SUSPICIOUS,True
153c0bfa-8c41-4133-97ea-14f349f52dad,23,1.0,IMPERSONATION,HelloBob,Z,1000,1000,0,1.0,0.0,0.0,1.0,0.02,0.95,False,False,False,True,FORGERY_OR_IMPERSONATION,INVALID / SUSPICIOUS,True
cdd87fcd-8aab-4a59-9914-f21fe894cb70,24,1.0,IMPERSONATION,TestMsg42,Y,1000,1000,0,1.0,0.0,0.0,1.0,0.02,0.95,False,False,False,True,FORGERY_OR_IMPERSONATION,INVALID / SUSPICIOUS,True
b836a660-648c-455a-9c2b-c7a7605a8425,25,1.0,IMPERSONATION,SecretData,Z,1000,1000,0,1.0,0.0,0.0,1.0,0.02,0.95,False,False,False,True,FORGERY_OR_IMPERSONATION,INVALID / SUSPICIOUS,True
7e6f2fc6-7aaf-44ea-b2dd-d1a8dc2a9091,26,1.0,IMPERSONATION,SIH26141,X,1000,1000,0,1.0,0.0,0.0,1.0,0.02,0.95,False,False,False,True,FORGERY_OR_IMPERSONATION,INVALID / SUSPICIOUS,True
2acb96a6-1deb-4cd6-a48c-6be05edd6923,27,1.0,IMPERSONATION,QuantumSecure,Y,1000,1000,0,1.0,0.0,0.0,1.0,0.02,0.95,False,False,False,True,FORGERY_OR_IMPERSONATION,INVALID / SUSPICIOUS,True
c9a45b68-366a-4c02-b862-d2f65517c0a0,28,1.0,IMPERSONATION,HelloBob,X,1000,1000,0,1.0,0.0,0.0,1.0,0.02,0.95,False,False,False,True,FORGERY_OR_IMPERSONATION,INVALID / SUSPICIOUS,True
46aeef48-3bcd-4916-a275-400110829273,29,1.0,IMPERSONATION,TestMsg42,Z,1000,1000,0,1.0,0.0,0.0,1.0,0.02,0.95,False,False,False,True,FORGERY_OR_IMPERSONATION,INVALID / SUSPICIOUS,True
811c3704-f58b-4521-a6e5-9aafba39a6fe,30,1.0,IMPERSONATION,SecretData,Z,1000,1000,0,1.0,0.0,0.0,1.0,0.02,0.95,False,False,False,True,FORGERY_OR_IMPERSONATION,INVALID / SUSPICIOUS,True
45b84389-dd55-4e05-81b3-bc00b7c5d1b2,31,1.0,REPLAY,SIH26141,Y,1000,1000,0,1.0,0.0,0.0,1.0,0.02,0.95,True,True,True,True,REPLAY,INVALID / SUSPICIOUS,True
0d23059f-448c-4f1b-b7bc-f15cd79d2d8e,32,1.0,REPLAY,QuantumSecure,Y,1000,1000,0,1.0,0.0,0.0,1.0,0.02,0.95,True,True,True,True,REPLAY,INVALID / SUSPICIOUS,True
4f575eb6-c22d-4d62-963b-804824e32537,33,1.0,REPLAY,HelloBob,Z,1000,1000,0,1.0,0.0,0.0,1.0,0.02,0.95,True,True,True,True,REPLAY,INVALID / SUSPICIOUS,True
8494f776-1409-4952-8b2f-801b66a95a6c,34,1.0,REPLAY,TestMsg42,X,1000,1000,0,1.0,0.0,0.0,1.0,0.02,0.95,True,True,True,True,REPLAY,INVALID / SUSPICIOUS,True
9b0417b5-b7f8-40f8-b96f-72f5648416a6,35,1.0,REPLAY,SecretData,Y,1000,1000,0,1.0,0.0,0.0,1.0,0.02,0.95,True,True,True,True,REPLAY,INVALID / SUSPICIOUS,True
e1154916-edb2-4332-bc6f-2ef7f6df4846,36,1.0,REPLAY,SIH26141,Y,1000,1000,0,1.0,0.0,0.0,1.0,0.02,0.95,True,True,True,True,REPLAY,INVALID / SUSPICIOUS,True
21dff8ac-9e8c-4298-85f1-6e4327c57edf,37,1.0,REPLAY,QuantumSecure,Y,1000,1000,0,1.0,0.0,0.0,1.0,0.02,0.95,True,True,True,True,REPLAY,INVALID / SUSPICIOUS,True
63185e2d-ea44-49c6-b117-744055492325,38,1.0,REPLAY,HelloBob,Y,1000,1000,0,1.0,0.0,0.0,1.0,0.02,0.95,True,True,True,True,REPLAY,INVALID / SUSPICIOUS,True
0d21f615-af0e-4f5d-9b28-80079c091e27,39,1.0,REPLAY,TestMsg42,X,1000,1000,0,1.0,0.0,0.0,1.0,0.02,0.95,True,True,True,True,REPLAY,INVALID / SUSPICIOUS,True
317ad4d7-7f67-4401-9538-7224637ba139,40,1.0,REPLAY,SecretData,X,1000,1000,0,1.0,0.0,0.0,1.0,0.02,0.95,True,True,True,True,REPLAY,INVALID / SUSPICIOUS,True
c97e88e2-b910-4947-9512-b34ff898da8a,41,1.0,CHANNEL_ATTACK,SIH26141,Z,1000,9,991,0.009,0.991,0.991,0.009,0.02,0.95,N/A,N/A,False,True,CHANNEL_ATTACK,INVALID / SUSPICIOUS,True
25a7ad0e-5c58-4485-a739-c49f8088f9a7,42,1.0,CHANNEL_ATTACK,QuantumSecure,X,1000,987,13,0.987,0.013,0.013,0.987,0.02,0.95,N/A,N/A,False,False,LEGITIMATE,TRUSTED,True
92832159-e23a-457f-9b26-b0014d7f1b2c,43,1.0,CHANNEL_ATTACK,HelloBob,X,1000,987,13,0.987,0.013,0.013,0.987,0.02,0.95,N/A,N/A,False,False,LEGITIMATE,TRUSTED,True
2944e1c1-7c1c-4237-b47c-31dd6b3e33d2,44,1.0,CHANNEL_ATTACK,TestMsg42,Y,1000,12,988,0.012,0.988,0.988,0.012,0.02,0.95,N/A,N/A,False,True,CHANNEL_ATTACK,INVALID / SUSPICIOUS,True
ec1e72f4-686b-4bf1-8b0f-dba230886bb1,45,1.0,CHANNEL_ATTACK,SecretData,X,1000,991,9,0.991,0.009,0.009,0.991,0.02,0.95,N/A,N/A,False,False,LEGITIMATE,TRUSTED,True
9fed30da-251f-4516-8281-7af6e89d33c4,46,1.0,CHANNEL_ATTACK,SIH26141,Z,1000,6,994,0.006,0.994,0.994,0.006,0.02,0.95,N/A,N/A,False,True,CHANNEL_ATTACK,INVALID / SUSPICIOUS,True
ea5d4872-a595-4394-bdfd-7a04d244917f,47,1.0,CHANNEL_ATTACK,QuantumSecure,Y,1000,13,987,0.013,0.987,0.987,0.013,0.02,0.95,N/A,N/A,False,True,CHANNEL_ATTACK,INVALID / SUSPICIOUS,True
5b1a6030-5a49-4e77-8b81-f9d288a3693e,48,1.0,CHANNEL_ATTACK,HelloBob,X,1000,995,5,0.995,0.005,0.005,0.995,0.02,0.95,N/A,N/A,False,False,LEGITIMATE,TRUSTED,True
26dffbc0-31bd-4407-86b1-84dcc4ed16e2,49,1.0,CHANNEL_ATTACK,TestMsg42,Z,1000,15,985,0.015,0.985,0.985,0.015,0.02,0.95,N/A,N/A,False,True,CHANNEL_ATTACK,INVALID / SUSPICIOUS,True
50a60f94-6ad4-4496-94d7-2a63a4b1f1e7,50,1.0,CHANNEL_ATTACK,SecretData,X,1000,985,15,0.985,0.015,0.015,0.985,0.02,0.95,N/A,N/A,False,False,LEGITIMATE,TRUSTED,True
