experiment_id,experiment_number,attack_type,quantum_state,shots,zero_count,one_count,probability_0,probability_1,error_rate,noise_probability,threshold,decision
2c93ee25-bcb4-408c-92b2-849779905c23,1,LEGITIMATE,Z,1000,990,10,0.99,0.01,0.01,0.02,0.0154,LEGITIMATE
b0240671-4122-45a8-81c5-12dee6262d60,1,LEGITIMATE,X,1000,991,9,0.991,0.009,0.009,0.02,0.0154,LEGITIMATE
f5346191-fe65-4259-a85c-0d18074ac354,1,LEGITIMATE,Y,1000,993,7,0.993,0.007,0.007,0.02,0.0154,LEGITIMATE
0d003965-7ec4-4618-8229-a9a456759109,2,LEGITIMATE,Z,1000,990,10,0.99,0.01,0.01,0.02,0.0154,LEGITIMATE
3cfcb2d4-55dc-4c3b-b573-97b3fce6e420,2,LEGITIMATE,X,1000,994,6,0.994,0.006,0.006,0.02,0.0154,LEGITIMATE
4a4ab00d-8265-4b7b-b29e-c1686fd5ad69,2,LEGITIMATE,Y,1000,993,7,0.993,0.007,0.007,0.02,0.0154,LEGITIMATE
743529d4-5719-4ea9-96b1-90a6d656cea6,3,LEGITIMATE,Z,1000,993,7,0.993,0.007,0.007,0.02,0.0154,LEGITIMATE
08545bb5-ea86-47eb-ab26-7833922a426c,3,LEGITIMATE,X,1000,985,15,0.985,0.015,0.015,0.02,0.0154,LEGITIMATE
b290f8e6-5e5a-4fd2-85b4-e5ec34bb594e,3,LEGITIMATE,Y,1000,992,8,0.992,0.008,0.008,0.02,0.0154,LEGITIMATE
03d1c94f-3f77-4542-bf71-dd6cab23d8c8,4,LEGITIMATE,Z,1000,986,14,0.986,0.014,0.014,0.02,0.0154,LEGITIMATE
114a4f61-327c-4a69-b303-110aadbee185,4,LEGITIMATE,X,1000,992,8,0.992,0.008,0.008,0.02,0.0154,LEGITIMATE
59da286c-487e-4199-b117-75bf446e7ed8,4,LEGITIMATE,Y,1000,991,9,0.991,0.009,0.009,0.02,0.0154,LEGITIMATE
52622cfe-3640-45b3-a1bd-3aa10dcd06a8,5,LEGITIMATE,Z,1000,990,10,0.99,0.01,0.01,0.02,0.0154,LEGITIMATE
5af90e97-fac3-4709-9046-42304c60ad77,5,LEGITIMATE,X,1000,987,13,0.987,0.013,0.013,0.02,0.0154,LEGITIMATE
290fb0bf-3cb8-4689-8fbd-0662e864868f,5,LEGITIMATE,Y,1000,989,11,0.989,0.011,0.011,0.02,0.0154,LEGITIMATE
d04e2b2f-353f-4489-a291-4a72cbdb45cd,6,LEGITIMATE,Z,1000,994,6,0.994,0.006,0.006,0.02,0.0154,LEGITIMATE
6ba28fe9-e637-4aed-af21-f0cb06747d90,6,LEGITIMATE,X,1000,991,9,0.991,0.009,0.009,0.02,0.0154,LEGITIMATE
da1fe609-0345-4db4-a6d6-b583f006b274,6,LEGITIMATE,Y,1000,989,11,0.989,0.011,0.011,0.02,0.0154,LEGITIMATE
21c51ba7-d3a8-4124-97b8-f7b9d40f96ec,7,LEGITIMATE,Z,1000,989,11,0.989,0.011,0.011,0.02,0.0154,LEGITIMATE
35e04192-4f1a-44a2-9d62-2b0f6c7d4776,7,LEGITIMATE,X,1000,992,8,0.992,0.008,0.008,0.02,0.0154,LEGITIMATE
b03b367b-5d34-477a-8e9f-4a9ff733b307,7,LEGITIMATE,Y,1000,984,16,0.984,0.016,0.016,0.02,0.0154,SUSPICIOUS / ATTACK
30ef2ae9-1157-48f0-830c-16c72e540965,8,LEGITIMATE,Z,1000,991,9,0.991,0.009,0.009,0.02,0.0154,LEGITIMATE
ca13cbc0-3e9c-4845-a411-90519159b7aa,8,LEGITIMATE,X,1000,988,12,0.988,0.012,0.012,0.02,0.0154,LEGITIMATE
b7b8372b-8416-4ac2-b84d-8d0bb07d3d55,8,LEGITIMATE,Y,1000,994,6,0.994,0.006,0.006,0.02,0.0154,LEGITIMATE
0300d2ce-6511-4403-9df3-27219c7a3d0b,9,LEGITIMATE,Z,1000,995,5,0.995,0.005,0.005,0.02,0.0154,LEGITIMATE
4f96ede7-0d08-4d74-bdeb-59a3198ed29e,9,LEGITIMATE,X,1000,986,14,0.986,0.014,0.014,0.02,0.0154,LEGITIMATE
5bf9acfb-b397-4609-87a1-693b4e3918a3,9,LEGITIMATE,Y,1000,988,12,0.988,0.012,0.012,0.02,0.0154,LEGITIMATE
845be6fd-7036-43e4-a2fa-c3ec560c88e9,10,LEGITIMATE,Z,1000,996,4,0.996,0.004,0.004,0.02,0.0154,LEGITIMATE
69baeb57-63dc-464f-88dc-97da9cc4edba,10,LEGITIMATE,X,1000,984,16,0.984,0.016,0.016,0.02,0.0154,SUSPICIOUS / ATTACK
697b64e9-6862-4857-bd1f-4546ef9d829e,10,LEGITIMATE,Y,1000,991,9,0.991,0.009,0.009,0.02,0.0154,LEGITIMATE
73b21095-e152-4bb2-952e-ea15780e54fb,11,LEGITIMATE,Z,1000,987,13,0.987,0.013,0.013,0.02,0.0154,LEGITIMATE
53780e2d-ed21-437c-b555-e16aaf3f2e57,11,LEGITIMATE,X,1000,996,4,0.996,0.004,0.004,0.02,0.0154,LEGITIMATE
c10c8f79-a3a1-404a-889d-65a4c6576877,11,LEGITIMATE,Y,1000,991,9,0.991,0.009,0.009,0.02,0.0154,LEGITIMATE
5525431f-afc8-442b-8bdb-2d42a693b12f,12,LEGITIMATE,Z,1000,985,15,0.985,0.015,0.015,0.02,0.0154,LEGITIMATE
d1ba3c88-48a2-4395-bfde-f1df2327f6ce,12,LEGITIMATE,X,1000,992,8,0.992,0.008,0.008,0.02,0.0154,LEGITIMATE
5872a033-a9b9-4708-bd87-52b05693f11f,12,LEGITIMATE,Y,1000,992,8,0.992,0.008,0.008,0.02,0.0154,LEGITIMATE
3d8ce188-431d-49fd-879e-4f61622b0cbd,13,LEGITIMATE,Z,1000,994,6,0.994,0.006,0.006,0.02,0.0154,LEGITIMATE
3472cf1b-cf77-46e8-8488-94d06781e532,13,LEGITIMATE,X,1000,992,8,0.992,0.008,0.008,0.02,0.0154,LEGITIMATE
5b646ad6-39a2-4793-86a5-75ec288fdfa6,13,LEGITIMATE,Y,1000,988,12,0.988,0.012,0.012,0.02,0.0154,LEGITIMATE
28559edb-9e73-414a-a534-b16a94b61792,14,LEGITIMATE,Z,1000,988,12,0.988,0.012,0.012,0.02,0.0154,LEGITIMATE
ddb06681-65d9-4966-bf4b-f184edab8e1f,14,LEGITIMATE,X,1000,989,11,0.989,0.011,0.011,0.02,0.0154,LEGITIMATE
b77f32f6-5438-4569-ba67-db4aaacda411,14,LEGITIMATE,Y,1000,992,8,0.992,0.008,0.008,0.02,0.0154,LEGITIMATE
df93f50e-198a-42f9-bb4a-c18a252ceadf,15,LEGITIMATE,Z,1000,987,13,0.987,0.013,0.013,0.02,0.0154,LEGITIMATE
7cedf56f-65b5-4139-8fc5-bb1a58509f6d,15,LEGITIMATE,X,1000,990,10,0.99,0.01,0.01,0.02,0.0154,LEGITIMATE
5d7fee72-b67f-4155-8d8d-74aa2b120e5f,15,LEGITIMATE,Y,1000,993,7,0.993,0.007,0.007,0.02,0.0154,LEGITIMATE
d33c341f-7423-4916-b997-2930b3038246,16,LEGITIMATE,Z,1000,992,8,0.992,0.008,0.008,0.02,0.0154,LEGITIMATE
bac8b788-503b-4d43-818f-f00de75d1adb,16,LEGITIMATE,X,1000,989,11,0.989,0.011,0.011,0.02,0.0154,LEGITIMATE
544b9386-b4bd-4aee-b454-7d7603196c3a,16,LEGITIMATE,Y,1000,983,17,0.983,0.017,0.017,0.02,0.0154,SUSPICIOUS / ATTACK
19d4ed7f-9795-447d-9d3a-1465853322b0,17,LEGITIMATE,Z,1000,993,7,0.993,0.007,0.007,0.02,0.0154,LEGITIMATE
0481fb48-2a36-4847-b33d-5e85208a2cc0,17,LEGITIMATE,X,1000,996,4,0.996,0.004,0.004,0.02,0.0154,LEGITIMATE
dfc596f9-e7b8-48c5-92c3-d149a8183c05,17,LEGITIMATE,Y,1000,990,10,0.99,0.01,0.01,0.02,0.0154,LEGITIMATE
8ced946a-6f76-4b3a-9f76-5acd5ac7a347,18,LEGITIMATE,Z,1000,994,6,0.994,0.006,0.006,0.02,0.0154,LEGITIMATE
8994dc6b-6064-4d22-8ede-68be31e0211b,18,LEGITIMATE,X,1000,993,7,0.993,0.007,0.007,0.02,0.0154,LEGITIMATE
1a936152-b4f2-4b8d-b8ea-9b52f4750236,18,LEGITIMATE,Y,1000,992,8,0.992,0.008,0.008,0.02,0.0154,LEGITIMATE
9c3191e3-9ea8-49a0-8b85-f37031e60b45,19,LEGITIMATE,Z,1000,996,4,0.996,0.004,0.004,0.02,0.0154,LEGITIMATE
e4c90c94-7c30-4995-832c-7520e6d43ebc,19,LEGITIMATE,X,1000,990,10,0.99,0.01,0.01,0.02,0.0154,LEGITIMATE
497c2845-2fb8-46b2-88bf-ef42493c33f6,19,LEGITIMATE,Y,1000,987,13,0.987,0.013,0.013,0.02,0.0154,LEGITIMATE
be42947c-e073-45e6-87fc-8aade119fe13,20,LEGITIMATE,Z,1000,993,7,0.993,0.007,0.007,0.02,0.0154,LEGITIMATE
bd171bef-28ff-4e88-a012-13f8d20f59a2,20,LEGITIMATE,X,1000,993,7,0.993,0.007,0.007,0.02,0.0154,LEGITIMATE
4b6acb24-fe5b-474f-ade5-9fcdc7526b90,20,LEGITIMATE,Y,1000,991,9,0.991,0.009,0.009,0.02,0.0154,LEGITIMATE
8c952fae-dcdf-40cd-844c-90caf9792811,21,LEGITIMATE,Z,1000,995,5,0.995,0.005,0.005,0.02,0.0154,LEGITIMATE
f12c3530-8b86-4edd-8ec4-6cdc615a91c3,21,LEGITIMATE,X,1000,991,9,0.991,0.009,0.009,0.02,0.0154,LEGITIMATE
838575f5-7fb6-4ce0-af52-d4de4fbe9a06,21,LEGITIMATE,Y,1000,993,7,0.993,0.007,0.007,0.02,0.0154,LEGITIMATE
89cdc52f-6bd6-44c5-925d-497f382a796d,22,LEGITIMATE,Z,1000,992,8,0.992,0.008,0.008,0.02,0.0154,LEGITIMATE
9c9564be-7d18-413a-98c0-4e5fa171c410,22,LEGITIMATE,X,1000,983,17,0.983,0.017,0.017,0.02,0.0154,SUSPICIOUS / ATTACK
a0904479-2120-45d4-a21e-bafa6101f18e,22,LEGITIMATE,Y,1000,994,6,0.994,0.006,0.006,0.02,0.0154,LEGITIMATE
f0dd9cfd-0d7b-4b0d-a044-1cc1bdfb3776,23,LEGITIMATE,Z,1000,991,9,0.991,0.009,0.009,0.02,0.0154,LEGITIMATE
93b26904-1299-469f-8590-71fbd033c484,23,LEGITIMATE,X,1000,992,8,0.992,0.008,0.008,0.02,0.0154,LEGITIMATE
27a426ba-d7f4-4522-9b00-0baacb98feae,23,LEGITIMATE,Y,1000,992,8,0.992,0.008,0.008,0.02,0.0154,LEGITIMATE
d8c66507-eacc-470e-846a-fbf02f375fc0,24,LEGITIMATE,Z,1000,988,12,0.988,0.012,0.012,0.02,0.0154,LEGITIMATE
8fd9c106-c9d0-47f0-8ad4-bf9ab33e63f9,24,LEGITIMATE,X,1000,991,9,0.991,0.009,0.009,0.02,0.0154,LEGITIMATE
dce01a34-aa6c-427a-b05e-34d44d50f7ef,24,LEGITIMATE,Y,1000,994,6,0.994,0.006,0.006,0.02,0.0154,LEGITIMATE
4c9f0fe0-9909-44b4-b13f-fdcae288ea9d,25,LEGITIMATE,Z,1000,997,3,0.997,0.003,0.003,0.02,0.0154,LEGITIMATE
e3439225-5bc7-4f33-bd30-1a3fdc92c088,25,LEGITIMATE,X,1000,986,14,0.986,0.014,0.014,0.02,0.0154,LEGITIMATE
e4e84753-f152-48c9-bb64-5573c4e05d5a,25,LEGITIMATE,Y,1000,991,9,0.991,0.009,0.009,0.02,0.0154,LEGITIMATE
c2c22fbb-77f5-4843-9f4d-2d7ffe11f17c,26,LEGITIMATE,Z,1000,991,9,0.991,0.009,0.009,0.02,0.0154,LEGITIMATE
69b5040d-3a75-4ba1-ba1b-775a5ab04f2a,26,LEGITIMATE,X,1000,994,6,0.994,0.006,0.006,0.02,0.0154,LEGITIMATE
589d4e4b-ad09-4bbf-953b-94db1cd4e2a3,26,LEGITIMATE,Y,1000,987,13,0.987,0.013,0.013,0.02,0.0154,LEGITIMATE
cea21de5-1142-4dcd-9a81-f2d2df8d9ad1,27,LEGITIMATE,Z,1000,985,15,0.985,0.015,0.015,0.02,0.0154,LEGITIMATE
9ddf99c0-1aea-4d17-bd8b-9fd35949214a,27,LEGITIMATE,X,1000,988,12,0.988,0.012,0.012,0.02,0.0154,LEGITIMATE
8b9c6719-b8eb-42f3-9302-4fdd0380a319,27,LEGITIMATE,Y,1000,988,12,0.988,0.012,0.012,0.02,0.0154,LEGITIMATE
5c38b67e-c74e-4425-b275-a1975ad680af,28,LEGITIMATE,Z,1000,992,8,0.992,0.008,0.008,0.02,0.0154,LEGITIMATE
6012cda5-bff1-4efa-90fc-cd0998f208d9,28,LEGITIMATE,X,1000,989,11,0.989,0.011,0.011,0.02,0.0154,LEGITIMATE
1cb4bd6c-080d-4c4c-8a57-740100ee4f53,28,LEGITIMATE,Y,1000,987,13,0.987,0.013,0.013,0.02,0.0154,LEGITIMATE
18ad251a-e46d-4847-85c8-4f393712bd74,29,LEGITIMATE,Z,1000,990,10,0.99,0.01,0.01,0.02,0.0154,LEGITIMATE
503e8099-6dc1-4245-9fd4-1c94b7034373,29,LEGITIMATE,X,1000,991,9,0.991,0.009,0.009,0.02,0.0154,LEGITIMATE
f439de6b-3db0-4582-9e79-8e5504f61f03,29,LEGITIMATE,Y,1000,990,10,0.99,0.01,0.01,0.02,0.0154,LEGITIMATE
3991f8c2-6ca1-4930-9b16-951a12929735,30,LEGITIMATE,Z,1000,990,10,0.99,0.01,0.01,0.02,0.0154,LEGITIMATE
6c76dc0c-634d-4c35-b142-097b34085811,30,LEGITIMATE,X,1000,989,11,0.989,0.011,0.011,0.02,0.0154,LEGITIMATE
28c5c55e-8883-4b16-a89f-008a1d00ab5a,30,LEGITIMATE,Y,1000,990,10,0.99,0.01,0.01,0.02,0.0154,LEGITIMATE
8ad6ed30-3f2a-4a05-8424-6f934d9e34e5,31,BIT_FLIP,Z,1000,6,994,0.006,0.994,0.994,0.02,0.0154,SUSPICIOUS / ATTACK
21919ea8-9d0d-4344-beea-38b2729aed2f,31,BIT_FLIP,X,1000,988,12,0.988,0.012,0.012,0.02,0.0154,LEGITIMATE
9e487dd1-c08f-4061-971c-b08db17732d5,31,BIT_FLIP,Y,1000,8,992,0.008,0.992,0.992,0.02,0.0154,SUSPICIOUS / ATTACK
c7ea15a7-160c-4ea1-ace6-9d842256140e,32,BIT_FLIP,Z,1000,8,992,0.008,0.992,0.992,0.02,0.0154,SUSPICIOUS / ATTACK
6c4a769a-14cb-4e40-874d-57f0000cf886,32,BIT_FLIP,X,1000,989,11,0.989,0.011,0.011,0.02,0.0154,LEGITIMATE
bc014566-f8e5-4ef2-8e7f-8048c09561bc,32,BIT_FLIP,Y,1000,7,993,0.007,0.993,0.993,0.02,0.0154,SUSPICIOUS / ATTACK
67a326c6-1f21-4081-907d-d747a2621480,33,BIT_FLIP,Z,1000,8,992,0.008,0.992,0.992,0.02,0.0154,SUSPICIOUS / ATTACK
973f1f6d-cf14-4469-845d-0ad11aaf777e,33,BIT_FLIP,X,1000,991,9,0.991,0.009,0.009,0.02,0.0154,LEGITIMATE
20a612cc-1651-4cb4-a4c6-f9cbbfcfc529,33,BIT_FLIP,Y,1000,10,990,0.01,0.99,0.99,0.02,0.0154,SUSPICIOUS / ATTACK
a35d062d-5401-44e2-96b5-66f7a1f2b5cb,34,BIT_FLIP,Z,1000,9,991,0.009,0.991,0.991,0.02,0.0154,SUSPICIOUS / ATTACK
b0255b4c-4f59-404f-81ad-dc2e455e6b17,34,BIT_FLIP,X,1000,993,7,0.993,0.007,0.007,0.02,0.0154,LEGITIMATE
a3e9f9dc-5267-437b-b5e2-ca4de0d899eb,34,BIT_FLIP,Y,1000,12,988,0.012,0.988,0.988,0.02,0.0154,SUSPICIOUS / ATTACK
4bfbbab2-17ba-4c24-bb79-c01ffe9077f4,35,BIT_FLIP,Z,1000,10,990,0.01,0.99,0.99,0.02,0.0154,SUSPICIOUS / ATTACK
f8b68424-bed8-4e8c-86a4-f8e996a80212,35,BIT_FLIP,X,1000,995,5,0.995,0.005,0.005,0.02,0.0154,LEGITIMATE
31513f12-105d-42ea-8b63-b0f72f0fb283,35,BIT_FLIP,Y,1000,9,991,0.009,0.991,0.991,0.02,0.0154,SUSPICIOUS / ATTACK
82e542c4-bf0c-4023-bbd0-6fbcdee7a512,36,BIT_FLIP,Z,1000,6,994,0.006,0.994,0.994,0.02,0.0154,SUSPICIOUS / ATTACK
c98aae1f-c725-40f3-be5d-c24c46f07a35,36,BIT_FLIP,X,1000,990,10,0.99,0.01,0.01,0.02,0.0154,LEGITIMATE
255a4533-6168-439c-a08d-8c0e263072e2,36,BIT_FLIP,Y,1000,8,992,0.008,0.992,0.992,0.02,0.0154,SUSPICIOUS / ATTACK
584b1afa-0b36-43ea-a1a6-b761d0ccb006,37,BIT_FLIP,Z,1000,14,986,0.014,0.986,0.986,0.02,0.0154,SUSPICIOUS / ATTACK
80e5b99d-d8d2-4982-9d7c-12dafa9997b8,37,BIT_FLIP,X,1000,984,16,0.984,0.016,0.016,0.02,0.0154,SUSPICIOUS / ATTACK
f1894004-fc16-41b8-950a-6d3d1005213d,37,BIT_FLIP,Y,1000,4,996,0.004,0.996,0.996,0.02,0.0154,SUSPICIOUS / ATTACK
05ac6e42-880a-4356-8191-b58f38ca13ca,38,BIT_FLIP,Z,1000,6,994,0.006,0.994,0.994,0.02,0.0154,SUSPICIOUS / ATTACK
9b7a19c4-1d81-4e2a-aa9d-eaa4fee408b4,38,BIT_FLIP,X,1000,995,5,0.995,0.005,0.005,0.02,0.0154,LEGITIMATE
3fe5448e-e785-4895-bbb7-1e84615b3a41,38,BIT_FLIP,Y,1000,17,983,0.017,0.983,0.983,0.02,0.0154,SUSPICIOUS / ATTACK
d73bbcea-aaaa-4d73-a835-1cb4c6bc2f71,39,BIT_FLIP,Z,1000,6,994,0.006,0.994,0.994,0.02,0.0154,SUSPICIOUS / ATTACK
f0edf87a-b623-4ede-83d1-d60f6a059e53,39,BIT_FLIP,X,1000,989,11,0.989,0.011,0.011,0.02,0.0154,LEGITIMATE
7cb800c3-67ab-4e36-8758-f3edbcf74f40,39,BIT_FLIP,Y,1000,3,997,0.003,0.997,0.997,0.02,0.0154,SUSPICIOUS / ATTACK
483ca6ea-65a2-4ad0-90e1-5802dc0c8775,40,BIT_FLIP,Z,1000,13,987,0.013,0.987,0.987,0.02,0.0154,SUSPICIOUS / ATTACK
4bc0a14a-2ffb-46be-9f79-8535a00b14b3,40,BIT_FLIP,X,1000,991,9,0.991,0.009,0.009,0.02,0.0154,LEGITIMATE
bcddfbd3-3188-4464-87b0-3cdb113f301d,40,BIT_FLIP,Y,1000,9,991,0.009,0.991,0.991,0.02,0.0154,SUSPICIOUS / ATTACK
4786735c-722f-40ea-8732-4f0c95d87769,41,BIT_FLIP,Z,1000,11,989,0.011,0.989,0.989,0.02,0.0154,SUSPICIOUS / ATTACK
25c91a63-f4de-473b-ace9-be9d44c15adb,41,BIT_FLIP,X,1000,991,9,0.991,0.009,0.009,0.02,0.0154,LEGITIMATE
6110371f-536e-472f-889b-3b37fd8bda1a,41,BIT_FLIP,Y,1000,9,991,0.009,0.991,0.991,0.02,0.0154,SUSPICIOUS / ATTACK
9ad089c5-f2f6-4de5-984f-6c5e9b96bb0e,42,BIT_FLIP,Z,1000,10,990,0.01,0.99,0.99,0.02,0.0154,SUSPICIOUS / ATTACK
a8d6f028-0950-4847-9aa1-1eb3e415018e,42,BIT_FLIP,X,1000,986,14,0.986,0.014,0.014,0.02,0.0154,LEGITIMATE
f74d3ddb-9ef8-4bcc-92bb-6265ea7a5f28,42,BIT_FLIP,Y,1000,10,990,0.01,0.99,0.99,0.02,0.0154,SUSPICIOUS / ATTACK
78c527ed-c31a-4c30-88b1-144a29401403,43,BIT_FLIP,Z,1000,11,989,0.011,0.989,0.989,0.02,0.0154,SUSPICIOUS / ATTACK
53b9fcd5-6ffa-4ffd-a138-9594e6c20fcc,43,BIT_FLIP,X,1000,988,12,0.988,0.012,0.012,0.02,0.0154,LEGITIMATE
2bca1b93-9129-48ec-ad5b-caccfd8457ef,43,BIT_FLIP,Y,1000,9,991,0.009,0.991,0.991,0.02,0.0154,SUSPICIOUS / ATTACK
f72254e2-bd82-466b-a371-c8ebdf0e6f02,44,BIT_FLIP,Z,1000,13,987,0.013,0.987,0.987,0.02,0.0154,SUSPICIOUS / ATTACK
7552b72d-60fc-4a3e-89eb-37e4f9cc1230,44,BIT_FLIP,X,1000,987,13,0.987,0.013,0.013,0.02,0.0154,LEGITIMATE
9b3c01bc-cf86-46ca-a70e-bdb27bcdc4bd,44,BIT_FLIP,Y,1000,9,991,0.009,0.991,0.991,0.02,0.0154,SUSPICIOUS / ATTACK
e823ebf6-399f-4be6-bb9f-74e81a90ce08,45,BIT_FLIP,Z,1000,11,989,0.011,0.989,0.989,0.02,0.0154,SUSPICIOUS / ATTACK
c74c3b64-1089-4460-a9a9-157911e455a5,45,BIT_FLIP,X,1000,991,9,0.991,0.009,0.009,0.02,0.0154,LEGITIMATE
1c419c3b-3212-494e-8dfb-d3997a15e5cf,45,BIT_FLIP,Y,1000,11,989,0.011,0.989,0.989,0.02,0.0154,SUSPICIOUS / ATTACK
d2050165-1d35-493b-9f7f-d3aabbf123e8,46,BIT_FLIP,Z,1000,7,993,0.007,0.993,0.993,0.02,0.0154,SUSPICIOUS / ATTACK
2a9db3fc-e95f-486a-8aa5-30ba3a0eb6e0,46,BIT_FLIP,X,1000,989,11,0.989,0.011,0.011,0.02,0.0154,LEGITIMATE
fd1180b0-3be1-4dc7-86c7-f801d07decf4,46,BIT_FLIP,Y,1000,6,994,0.006,0.994,0.994,0.02,0.0154,SUSPICIOUS / ATTACK
70546acf-f744-4be4-9de4-1d4f27b3ef54,47,BIT_FLIP,Z,1000,8,992,0.008,0.992,0.992,0.02,0.0154,SUSPICIOUS / ATTACK
052742ce-d685-4f2b-82d7-29ed0f02bf10,47,BIT_FLIP,X,1000,992,8,0.992,0.008,0.008,0.02,0.0154,LEGITIMATE
4f3d67ce-848b-4985-9fc8-2db53a37f30b,47,BIT_FLIP,Y,1000,10,990,0.01,0.99,0.99,0.02,0.0154,SUSPICIOUS / ATTACK
3fcca0ab-8fa4-4588-bff6-273f6337ebed,48,BIT_FLIP,Z,1000,5,995,0.005,0.995,0.995,0.02,0.0154,SUSPICIOUS / ATTACK
72ed8e65-bd55-4bc0-9900-3fac7263f58e,48,BIT_FLIP,X,1000,989,11,0.989,0.011,0.011,0.02,0.0154,LEGITIMATE
c421c65d-65ba-43f9-9768-24a656b4fcc1,48,BIT_FLIP,Y,1000,8,992,0.008,0.992,0.992,0.02,0.0154,SUSPICIOUS / ATTACK
c20c5141-63a1-489c-94e6-5abab89ea750,49,BIT_FLIP,Z,1000,14,986,0.014,0.986,0.986,0.02,0.0154,SUSPICIOUS / ATTACK
17414a59-44d3-4de1-8952-bd0b7637e31f,49,BIT_FLIP,X,1000,990,10,0.99,0.01,0.01,0.02,0.0154,LEGITIMATE
24b91b63-0e31-4f95-8817-ef0f1f322552,49,BIT_FLIP,Y,1000,10,990,0.01,0.99,0.99,0.02,0.0154,SUSPICIOUS / ATTACK
788cb5fe-c5e7-4c4e-9f80-42669296d7c2,50,BIT_FLIP,Z,1000,8,992,0.008,0.992,0.992,0.02,0.0154,SUSPICIOUS / ATTACK
77c6ff13-8cf2-44d3-abec-21e9f156a241,50,BIT_FLIP,X,1000,991,9,0.991,0.009,0.009,0.02,0.0154,LEGITIMATE
67a8c277-8ba9-4c68-9570-38d3eba87957,50,BIT_FLIP,Y,1000,17,983,0.017,0.983,0.983,0.02,0.0154,SUSPICIOUS / ATTACK
0fbccfeb-f827-429d-b092-f7464bc59830,51,BIT_FLIP,Z,1000,11,989,0.011,0.989,0.989,0.02,0.0154,SUSPICIOUS / ATTACK
690dac25-f014-4535-8c0c-958ddcbcd293,51,BIT_FLIP,X,1000,990,10,0.99,0.01,0.01,0.02,0.0154,LEGITIMATE
4c660780-a8dc-4958-8706-1d77d65e2c4a,51,BIT_FLIP,Y,1000,11,989,0.011,0.989,0.989,0.02,0.0154,SUSPICIOUS / ATTACK
bae1beae-f03e-45f3-8f66-745a229260bc,52,BIT_FLIP,Z,1000,9,991,0.009,0.991,0.991,0.02,0.0154,SUSPICIOUS / ATTACK
79237f54-e6e6-4709-a1b6-f3f681409084,52,BIT_FLIP,X,1000,985,15,0.985,0.015,0.015,0.02,0.0154,LEGITIMATE
66d1afed-1e25-41f9-a406-c80ea9e0e295,52,BIT_FLIP,Y,1000,10,990,0.01,0.99,0.99,0.02,0.0154,SUSPICIOUS / ATTACK
5559c49a-b0c3-4edc-8131-93a1a21533b3,53,BIT_FLIP,Z,1000,9,991,0.009,0.991,0.991,0.02,0.0154,SUSPICIOUS / ATTACK
1f7cf481-f598-42f6-9205-4679c8300680,53,BIT_FLIP,X,1000,990,10,0.99,0.01,0.01,0.02,0.0154,LEGITIMATE
15c3643b-7a7c-4dfe-9c3a-18a9e146e876,53,BIT_FLIP,Y,1000,15,985,0.015,0.985,0.985,0.02,0.0154,SUSPICIOUS / ATTACK
9eb2e1b3-2725-48fb-a4c7-0ef0299863dc,54,BIT_FLIP,Z,1000,9,991,0.009,0.991,0.991,0.02,0.0154,SUSPICIOUS / ATTACK
bf7ce598-767d-4774-9bb4-ae1c1a203f99,54,BIT_FLIP,X,1000,991,9,0.991,0.009,0.009,0.02,0.0154,LEGITIMATE
33009620-291a-45bb-8de2-d9036627b1e7,54,BIT_FLIP,Y,1000,12,988,0.012,0.988,0.988,0.02,0.0154,SUSPICIOUS / ATTACK
539d16df-ee7d-4335-b330-0823983fa333,55,BIT_FLIP,Z,1000,15,985,0.015,0.985,0.985,0.02,0.0154,SUSPICIOUS / ATTACK
a56c66d1-8b62-4c95-a9c9-b7e97d3a154c,55,BIT_FLIP,X,1000,996,4,0.996,0.004,0.004,0.02,0.0154,LEGITIMATE
676cdbea-3dcb-4804-a5b9-5571c24d4bfb,55,BIT_FLIP,Y,1000,10,990,0.01,0.99,0.99,0.02,0.0154,SUSPICIOUS / ATTACK
e97fa5ed-23c2-456a-ad61-e77c7af27257,56,BIT_FLIP,Z,1000,12,988,0.012,0.988,0.988,0.02,0.0154,SUSPICIOUS / ATTACK
f0f7e07c-fc51-4e00-aabd-b8cffa6200ec,56,BIT_FLIP,X,1000,988,12,0.988,0.012,0.012,0.02,0.0154,LEGITIMATE
35853479-4578-46f6-a532-f00165ad71a5,56,BIT_FLIP,Y,1000,11,989,0.011,0.989,0.989,0.02,0.0154,SUSPICIOUS / ATTACK
eb5404fa-aaa9-4a26-a7bf-d305e6c7ecd2,57,BIT_FLIP,Z,1000,8,992,0.008,0.992,0.992,0.02,0.0154,SUSPICIOUS / ATTACK
783f4dcf-1e7d-48f3-b287-cec7032e20d2,57,BIT_FLIP,X,1000,992,8,0.992,0.008,0.008,0.02,0.0154,LEGITIMATE
f0cbe742-660e-45e3-9c62-9ac1a7f14543,57,BIT_FLIP,Y,1000,11,989,0.011,0.989,0.989,0.02,0.0154,SUSPICIOUS / ATTACK
180de8a9-9f17-40c1-a2c3-312e88f980c9,58,BIT_FLIP,Z,1000,7,993,0.007,0.993,0.993,0.02,0.0154,SUSPICIOUS / ATTACK
4a18c6c4-304b-484e-b0fc-2c1e703052b7,58,BIT_FLIP,X,1000,988,12,0.988,0.012,0.012,0.02,0.0154,LEGITIMATE
d0b0cad9-e599-4290-9a4f-5f7f6112e261,58,BIT_FLIP,Y,1000,6,994,0.006,0.994,0.994,0.02,0.0154,SUSPICIOUS / ATTACK
b42e34f5-73bc-40a0-bcd9-7a86a9d420e5,59,BIT_FLIP,Z,1000,12,988,0.012,0.988,0.988,0.02,0.0154,SUSPICIOUS / ATTACK
7002435e-f1b6-4a8e-b001-930f997fcf90,59,BIT_FLIP,X,1000,988,12,0.988,0.012,0.012,0.02,0.0154,LEGITIMATE
f6cc2ac0-2244-48cb-825d-c5933db902e3,59,BIT_FLIP,Y,1000,8,992,0.008,0.992,0.992,0.02,0.0154,SUSPICIOUS / ATTACK
39850061-af6d-4ff1-a37e-c49ad6912777,60,BIT_FLIP,Z,1000,5,995,0.005,0.995,0.995,0.02,0.0154,SUSPICIOUS / ATTACK
dbd108d0-4591-41ba-a4bd-62d8fcf07272,60,BIT_FLIP,X,1000,991,9,0.991,0.009,0.009,0.02,0.0154,LEGITIMATE
b1f96541-34cf-413a-9247-8f3fbfeb4a97,60,BIT_FLIP,Y,1000,6,994,0.006,0.994,0.994,0.02,0.0154,SUSPICIOUS / ATTACK
8290ffd1-bd5e-4cda-bbc2-a28e8ec85967,61,PHASE_FLIP,Z,1000,990,10,0.99,0.01,0.01,0.02,0.0154,LEGITIMATE
3b484d2b-5c09-4d99-8902-16bea4c93a43,61,PHASE_FLIP,X,1000,9,991,0.009,0.991,0.991,0.02,0.0154,SUSPICIOUS / ATTACK
9bd3785a-5bb3-441c-80a5-8f42127e2fe3,61,PHASE_FLIP,Y,1000,12,988,0.012,0.988,0.988,0.02,0.0154,SUSPICIOUS / ATTACK
d44c6a54-2600-4362-b0bc-30b6bb177279,62,PHASE_FLIP,Z,1000,988,12,0.988,0.012,0.012,0.02,0.0154,LEGITIMATE
8bee9b0e-0e79-45d4-8bd4-ad56731d6fae,62,PHASE_FLIP,X,1000,11,989,0.011,0.989,0.989,0.02,0.0154,SUSPICIOUS / ATTACK
46c5fe97-89ed-4cff-8b18-7d4ba747b8fe,62,PHASE_FLIP,Y,1000,10,990,0.01,0.99,0.99,0.02,0.0154,SUSPICIOUS / ATTACK
0207b1a6-f194-4037-907f-a87060c1befd,63,PHASE_FLIP,Z,1000,983,17,0.983,0.017,0.017,0.02,0.0154,SUSPICIOUS / ATTACK
7d250767-4875-4908-86f9-3ea2776a63e8,63,PHASE_FLIP,X,1000,13,987,0.013,0.987,0.987,0.02,0.0154,SUSPICIOUS / ATTACK
2d1e7353-a1e2-4e5d-9ddd-7036734d81b2,63,PHASE_FLIP,Y,1000,17,983,0.017,0.983,0.983,0.02,0.0154,SUSPICIOUS / ATTACK
456c0b04-224b-45d6-88d0-bb8a4431ba96,64,PHASE_FLIP,Z,1000,987,13,0.987,0.013,0.013,0.02,0.0154,LEGITIMATE
335bee80-0cfe-413b-922c-854d24d24141,64,PHASE_FLIP,X,1000,14,986,0.014,0.986,0.986,0.02,0.0154,SUSPICIOUS / ATTACK
1f4c8d27-7375-4155-b901-7b668e554274,64,PHASE_FLIP,Y,1000,15,985,0.015,0.985,0.985,0.02,0.0154,SUSPICIOUS / ATTACK
60985b86-51e7-4741-bd71-7236929fe29f,65,PHASE_FLIP,Z,1000,992,8,0.992,0.008,0.008,0.02,0.0154,LEGITIMATE
22b50631-7d86-48e5-85a1-3d9db7753c95,65,PHASE_FLIP,X,1000,12,988,0.012,0.988,0.988,0.02,0.0154,SUSPICIOUS / ATTACK
36fa22d1-3913-4f01-98c0-3d581d70f816,65,PHASE_FLIP,Y,1000,6,994,0.006,0.994,0.994,0.02,0.0154,SUSPICIOUS / ATTACK
a539f9db-b70e-4a2e-b10a-719a6ed60cee,66,PHASE_FLIP,Z,1000,988,12,0.988,0.012,0.012,0.02,0.0154,LEGITIMATE
25b34b89-c076-4d0f-8e5c-f589e5fce9ee,66,PHASE_FLIP,X,1000,8,992,0.008,0.992,0.992,0.02,0.0154,SUSPICIOUS / ATTACK
07219e6b-f152-41fc-9ec1-9efa23b55a80,66,PHASE_FLIP,Y,1000,13,987,0.013,0.987,0.987,0.02,0.0154,SUSPICIOUS / ATTACK
ed1e736f-cedf-4eb0-a11a-e5c74c08b15c,67,PHASE_FLIP,Z,1000,982,18,0.982,0.018,0.018,0.02,0.0154,SUSPICIOUS / ATTACK
74d9ad93-6877-48d4-9ca2-d75959fb6981,67,PHASE_FLIP,X,1000,14,986,0.014,0.986,0.986,0.02,0.0154,SUSPICIOUS / ATTACK
4a8345f4-5f0d-4c8c-aa58-b0af8ea1dee7,67,PHASE_FLIP,Y,1000,8,992,0.008,0.992,0.992,0.02,0.0154,SUSPICIOUS / ATTACK
66145fc8-3a69-4893-a8ea-3a0657d88bcf,68,PHASE_FLIP,Z,1000,990,10,0.99,0.01,0.01,0.02,0.0154,LEGITIMATE
4dc19bad-09f8-4f42-9381-46146f5b64e0,68,PHASE_FLIP,X,1000,14,986,0.014,0.986,0.986,0.02,0.0154,SUSPICIOUS / ATTACK
7ecaf383-2ace-4408-91d4-cf8768f54e0b,68,PHASE_FLIP,Y,1000,8,992,0.008,0.992,0.992,0.02,0.0154,SUSPICIOUS / ATTACK
e3148f25-c90c-47c1-93fb-fb0aaae2b8b1,69,PHASE_FLIP,Z,1000,991,9,0.991,0.009,0.009,0.02,0.0154,LEGITIMATE
166c933b-c319-4e9e-8a13-5b441e9f7e71,69,PHASE_FLIP,X,1000,7,993,0.007,0.993,0.993,0.02,0.0154,SUSPICIOUS / ATTACK
8c2e0aef-1a62-4023-8a8e-e8a3c76cb389,69,PHASE_FLIP,Y,1000,9,991,0.009,0.991,0.991,0.02,0.0154,SUSPICIOUS / ATTACK
c07ed200-46bd-4ab0-9c71-0ff21de8f9d9,70,PHASE_FLIP,Z,1000,993,7,0.993,0.007,0.007,0.02,0.0154,LEGITIMATE
760a11c6-acd4-4750-a737-3f7ba21937c8,70,PHASE_FLIP,X,1000,5,995,0.005,0.995,0.995,0.02,0.0154,SUSPICIOUS / ATTACK
b60cd162-a88b-4078-88cf-fb100259d94a,70,PHASE_FLIP,Y,1000,7,993,0.007,0.993,0.993,0.02,0.0154,SUSPICIOUS / ATTACK
e17d4737-9386-45c1-bd78-13acb03d5a73,71,PHASE_FLIP,Z,1000,991,9,0.991,0.009,0.009,0.02,0.0154,LEGITIMATE
8ad1576e-0708-415c-ab97-9c386f963939,71,PHASE_FLIP,X,1000,11,989,0.011,0.989,0.989,0.02,0.0154,SUSPICIOUS / ATTACK
79b022d3-539d-46db-9a5e-f7f45f86864f,71,PHASE_FLIP,Y,1000,10,990,0.01,0.99,0.99,0.02,0.0154,SUSPICIOUS / ATTACK
8bdaba07-8f4a-40ab-92c8-cbd0d6dfbce1,72,PHASE_FLIP,Z,1000,993,7,0.993,0.007,0.007,0.02,0.0154,LEGITIMATE
31ad9fa8-c4d4-46d5-8969-91478a51d2a2,72,PHASE_FLIP,X,1000,9,991,0.009,0.991,0.991,0.02,0.0154,SUSPICIOUS / ATTACK
f85ba382-db12-4d82-a855-75adf09d0bea,72,PHASE_FLIP,Y,1000,17,983,0.017,0.983,0.983,0.02,0.0154,SUSPICIOUS / ATTACK
21ef086f-2292-41e8-8242-1782fa5ef904,73,PHASE_FLIP,Z,1000,994,6,0.994,0.006,0.006,0.02,0.0154,LEGITIMATE
4267da76-0f10-433c-a2dd-e8805aa4b848,73,PHASE_FLIP,X,1000,11,989,0.011,0.989,0.989,0.02,0.0154,SUSPICIOUS / ATTACK
f612ce05-5414-4a30-ab2d-99b6311ccdcc,73,PHASE_FLIP,Y,1000,12,988,0.012,0.988,0.988,0.02,0.0154,SUSPICIOUS / ATTACK
7660f1a2-2c95-4569-83bb-ba25d37c861f,74,PHASE_FLIP,Z,1000,988,12,0.988,0.012,0.012,0.02,0.0154,LEGITIMATE
fa1e60ea-2c98-4aea-9661-b51698008cca,74,PHASE_FLIP,X,1000,13,987,0.013,0.987,0.987,0.02,0.0154,SUSPICIOUS / ATTACK
87d16494-0258-4d52-8ee4-4ed37272cc3a,74,PHASE_FLIP,Y,1000,16,984,0.016,0.984,0.984,0.02,0.0154,SUSPICIOUS / ATTACK
4c0bcd1c-715f-4615-a7e4-7eeefe057326,75,PHASE_FLIP,Z,1000,992,8,0.992,0.008,0.008,0.02,0.0154,LEGITIMATE
7cafc8d1-1afc-4212-80da-2fd6c6938921,75,PHASE_FLIP,X,1000,12,988,0.012,0.988,0.988,0.02,0.0154,SUSPICIOUS / ATTACK
cc8b97b4-8a74-4527-8154-8a1be8100f6a,75,PHASE_FLIP,Y,1000,9,991,0.009,0.991,0.991,0.02,0.0154,SUSPICIOUS / ATTACK
4cef6f35-adbe-4241-8abf-470a2f98f2cc,76,PHASE_FLIP,Z,1000,988,12,0.988,0.012,0.012,0.02,0.0154,LEGITIMATE
681894b7-6e10-4783-bcaf-f7b1445749be,76,PHASE_FLIP,X,1000,13,987,0.013,0.987,0.987,0.02,0.0154,SUSPICIOUS / ATTACK
dba908bb-0a08-4d62-9da0-200eb0c3ec57,76,PHASE_FLIP,Y,1000,11,989,0.011,0.989,0.989,0.02,0.0154,SUSPICIOUS / ATTACK
ade2b693-dffc-4494-bac5-ad6e5c8ff01d,77,PHASE_FLIP,Z,1000,986,14,0.986,0.014,0.014,0.02,0.0154,LEGITIMATE
3842f201-a18f-44aa-8a93-51d29085118c,77,PHASE_FLIP,X,1000,11,989,0.011,0.989,0.989,0.02,0.0154,SUSPICIOUS / ATTACK
e91b16c3-f422-475d-861b-28846c806005,77,PHASE_FLIP,Y,1000,17,983,0.017,0.983,0.983,0.02,0.0154,SUSPICIOUS / ATTACK
b8ceae65-c30f-46bd-8800-63fe0f0e66a2,78,PHASE_FLIP,Z,1000,991,9,0.991,0.009,0.009,0.02,0.0154,LEGITIMATE
a31a1746-080b-46ba-b6c0-402776dbd3db,78,PHASE_FLIP,X,1000,9,991,0.009,0.991,0.991,0.02,0.0154,SUSPICIOUS / ATTACK
77fb92dc-35ef-4e6a-994d-ebd79048ff7b,78,PHASE_FLIP,Y,1000,8,992,0.008,0.992,0.992,0.02,0.0154,SUSPICIOUS / ATTACK
49f33dc3-d6e3-4e95-a2ba-be3c33c00fb1,79,PHASE_FLIP,Z,1000,994,6,0.994,0.006,0.006,0.02,0.0154,LEGITIMATE
e0566758-2c0c-4b2a-a27c-40f9765f5bb8,79,PHASE_FLIP,X,1000,6,994,0.006,0.994,0.994,0.02,0.0154,SUSPICIOUS / ATTACK
9c9478f8-2953-483a-a852-850c86411b1e,79,PHASE_FLIP,Y,1000,8,992,0.008,0.992,0.992,0.02,0.0154,SUSPICIOUS / ATTACK
d089f43b-39c3-4fbe-ae7a-6ebda51da681,80,PHASE_FLIP,Z,1000,987,13,0.987,0.013,0.013,0.02,0.0154,LEGITIMATE
667d24f9-b261-4ec8-a3f0-44dfd559d895,80,PHASE_FLIP,X,1000,9,991,0.009,0.991,0.991,0.02,0.0154,SUSPICIOUS / ATTACK
46e9280e-6cc9-4624-bd1e-03feeb3ea320,80,PHASE_FLIP,Y,1000,6,994,0.006,0.994,0.994,0.02,0.0154,SUSPICIOUS / ATTACK
ad4e05ef-f22c-4df4-a484-d57b38701506,81,PHASE_FLIP,Z,1000,981,19,0.981,0.019,0.019,0.02,0.0154,SUSPICIOUS / ATTACK
3e6ed085-ec88-4ae4-a23b-d43179020ae0,81,PHASE_FLIP,X,1000,10,990,0.01,0.99,0.99,0.02,0.0154,SUSPICIOUS / ATTACK
5a2ca850-f330-4fab-a136-f257c991d0f2,81,PHASE_FLIP,Y,1000,20,980,0.02,0.98,0.98,0.02,0.0154,SUSPICIOUS / ATTACK
5c046c88-696c-4621-8351-6dcca1ced4cc,82,PHASE_FLIP,Z,1000,989,11,0.989,0.011,0.011,0.02,0.0154,LEGITIMATE
92bfd1c0-1710-4fd0-a73c-867a3b20bf34,82,PHASE_FLIP,X,1000,23,977,0.023,0.977,0.977,0.02,0.0154,SUSPICIOUS / ATTACK
d0ff7734-9e1a-4ced-b8bb-d357d5509404,82,PHASE_FLIP,Y,1000,14,986,0.014,0.986,0.986,0.02,0.0154,SUSPICIOUS / ATTACK
6967c8ea-36b5-40f4-b003-06feef8e4172,83,PHASE_FLIP,Z,1000,992,8,0.992,0.008,0.008,0.02,0.0154,LEGITIMATE
79a6cb80-f808-493e-9b90-b71e4e7f3290,83,PHASE_FLIP,X,1000,9,991,0.009,0.991,0.991,0.02,0.0154,SUSPICIOUS / ATTACK
bd807fec-7de3-4a2b-a908-363cff1ebefe,83,PHASE_FLIP,Y,1000,13,987,0.013,0.987,0.987,0.02,0.0154,SUSPICIOUS / ATTACK
581438a0-4608-4d2c-a639-9f43de816b3a,84,PHASE_FLIP,Z,1000,995,5,0.995,0.005,0.005,0.02,0.0154,LEGITIMATE
1044438a-cfab-4fcf-a535-1344e2b795a7,84,PHASE_FLIP,X,1000,13,987,0.013,0.987,0.987,0.02,0.0154,SUSPICIOUS / ATTACK
5a40e204-91cb-4521-871d-a70395ff10a9,84,PHASE_FLIP,Y,1000,7,993,0.007,0.993,0.993,0.02,0.0154,SUSPICIOUS / ATTACK
670ecf28-2be4-4aca-a776-f747a7428b67,85,PHASE_FLIP,Z,1000,993,7,0.993,0.007,0.007,0.02,0.0154,LEGITIMATE
b667c974-c626-460a-9c13-b37bba575a55,85,PHASE_FLIP,X,1000,7,993,0.007,0.993,0.993,0.02,0.0154,SUSPICIOUS / ATTACK
c569046d-ed51-4828-8c61-2aa4983aa309,85,PHASE_FLIP,Y,1000,9,991,0.009,0.991,0.991,0.02,0.0154,SUSPICIOUS / ATTACK
0a7d355e-fc8f-4ecd-913a-e866ad776322,86,PHASE_FLIP,Z,1000,992,8,0.992,0.008,0.008,0.02,0.0154,LEGITIMATE
e66ed641-e46a-4df6-9969-299b4f3da2b8,86,PHASE_FLIP,X,1000,17,983,0.017,0.983,0.983,0.02,0.0154,SUSPICIOUS / ATTACK
77436712-59a0-46c5-961c-bbde8a8e70c3,86,PHASE_FLIP,Y,1000,7,993,0.007,0.993,0.993,0.02,0.0154,SUSPICIOUS / ATTACK
8f2ad8e6-df2e-43eb-a233-e454a4ab8729,87,PHASE_FLIP,Z,1000,993,7,0.993,0.007,0.007,0.02,0.0154,LEGITIMATE
967e6a15-6d17-46d0-a284-37e9b5798804,87,PHASE_FLIP,X,1000,7,993,0.007,0.993,0.993,0.02,0.0154,SUSPICIOUS / ATTACK
e9131675-4d7c-4d15-b7e8-f8d386401db5,87,PHASE_FLIP,Y,1000,6,994,0.006,0.994,0.994,0.02,0.0154,SUSPICIOUS / ATTACK
63eaaca0-b44d-4018-ab30-41a1d53b5df4,88,PHASE_FLIP,Z,1000,990,10,0.99,0.01,0.01,0.02,0.0154,LEGITIMATE
198cea15-8698-48f6-bd54-84785656f013,88,PHASE_FLIP,X,1000,15,985,0.015,0.985,0.985,0.02,0.0154,SUSPICIOUS / ATTACK
0f081ea2-1868-4279-9e27-e30fb7b4edd8,88,PHASE_FLIP,Y,1000,6,994,0.006,0.994,0.994,0.02,0.0154,SUSPICIOUS / ATTACK
9bfc687b-d6ad-4134-bd0f-eddeba7dd1bf,89,PHASE_FLIP,Z,1000,990,10,0.99,0.01,0.01,0.02,0.0154,LEGITIMATE
444ebef7-ae39-40b5-a2d3-439613e86926,89,PHASE_FLIP,X,1000,9,991,0.009,0.991,0.991,0.02,0.0154,SUSPICIOUS / ATTACK
c143aed3-3750-4ebc-a09d-ed04f5b86b0d,89,PHASE_FLIP,Y,1000,9,991,0.009,0.991,0.991,0.02,0.0154,SUSPICIOUS / ATTACK
28dd03ea-d1d2-4085-a5fd-92ef994b7c53,90,PHASE_FLIP,Z,1000,992,8,0.992,0.008,0.008,0.02,0.0154,LEGITIMATE
7d551d3c-b77a-47bd-83df-f6799897e7b5,90,PHASE_FLIP,X,1000,7,993,0.007,0.993,0.993,0.02,0.0154,SUSPICIOUS / ATTACK
8a2cb997-5040-402c-9d1e-19a5f4aa04f0,90,PHASE_FLIP,Y,1000,8,992,0.008,0.992,0.992,0.02,0.0154,SUSPICIOUS / ATTACK
850819ad-aea8-4499-970a-33b55c642239,91,BIT_PHASE_FLIP,Z,1000,6,994,0.006,0.994,0.994,0.02,0.0154,SUSPICIOUS / ATTACK
c53ab62f-fbe7-4555-9896-a420e5dc0e0b,91,BIT_PHASE_FLIP,X,1000,8,992,0.008,0.992,0.992,0.02,0.0154,SUSPICIOUS / ATTACK
816e95bd-0977-40cc-9ece-f4750083279c,91,BIT_PHASE_FLIP,Y,1000,989,11,0.989,0.011,0.011,0.02,0.0154,LEGITIMATE
0dd02143-d101-4658-a453-4e0c4f4719ad,92,BIT_PHASE_FLIP,Z,1000,6,994,0.006,0.994,0.994,0.02,0.0154,SUSPICIOUS / ATTACK
64aa48c7-7a4d-47b2-96fb-25b236b7517e,92,BIT_PHASE_FLIP,X,1000,12,988,0.012,0.988,0.988,0.02,0.0154,SUSPICIOUS / ATTACK
13cad78e-791f-4d0f-9cb7-8ae006d2b934,92,BIT_PHASE_FLIP,Y,1000,990,10,0.99,0.01,0.01,0.02,0.0154,LEGITIMATE
d98712e7-c0b0-4c4e-a11a-9226c9df06ee,93,BIT_PHASE_FLIP,Z,1000,10,990,0.01,0.99,0.99,0.02,0.0154,SUSPICIOUS / ATTACK
793c47a8-23f2-4419-982a-291290106222,93,BIT_PHASE_FLIP,X,1000,6,994,0.006,0.994,0.994,0.02,0.0154,SUSPICIOUS / ATTACK
c6422994-58ee-4ffa-a0a7-53755cb61f3c,93,BIT_PHASE_FLIP,Y,1000,995,5,0.995,0.005,0.005,0.02,0.0154,LEGITIMATE
94a6ff48-a924-4405-b96a-e3967ba0bf58,94,BIT_PHASE_FLIP,Z,1000,6,994,0.006,0.994,0.994,0.02,0.0154,SUSPICIOUS / ATTACK
c7ad797e-610d-4749-a7f2-3607814a7fe4,94,BIT_PHASE_FLIP,X,1000,9,991,0.009,0.991,0.991,0.02,0.0154,SUSPICIOUS / ATTACK
775baa89-f0a5-44da-b263-0dbcdd5ba3e3,94,BIT_PHASE_FLIP,Y,1000,992,8,0.992,0.008,0.008,0.02,0.0154,LEGITIMATE
8e4c7db0-ce43-4584-857c-c36a817130d9,95,BIT_PHASE_FLIP,Z,1000,10,990,0.01,0.99,0.99,0.02,0.0154,SUSPICIOUS / ATTACK
9c9cdf37-bcc0-4f06-a1db-a43d0d67ccfa,95,BIT_PHASE_FLIP,X,1000,13,987,0.013,0.987,0.987,0.02,0.0154,SUSPICIOUS / ATTACK
f21abc19-5a30-4280-98e7-3ce3257532b9,95,BIT_PHASE_FLIP,Y,1000,990,10,0.99,0.01,0.01,0.02,0.0154,LEGITIMATE
e75c467a-daf4-42cd-9956-e20b358678d3,96,BIT_PHASE_FLIP,Z,1000,10,990,0.01,0.99,0.99,0.02,0.0154,SUSPICIOUS / ATTACK
62e42921-1f6e-49c8-89f1-d0e5e7d01571,96,BIT_PHASE_FLIP,X,1000,14,986,0.014,0.986,0.986,0.02,0.0154,SUSPICIOUS / ATTACK
a86e1221-9917-4327-936b-07142e8a5979,96,BIT_PHASE_FLIP,Y,1000,987,13,0.987,0.013,0.013,0.02,0.0154,LEGITIMATE
4fd631dd-7d39-487e-b039-6e60f999e761,97,BIT_PHASE_FLIP,Z,1000,14,986,0.014,0.986,0.986,0.02,0.0154,SUSPICIOUS / ATTACK
67169bdf-829c-4d78-88f5-ab88809e892e,97,BIT_PHASE_FLIP,X,1000,8,992,0.008,0.992,0.992,0.02,0.0154,SUSPICIOUS / ATTACK
a058f7c0-b0ad-4d38-bfb4-2a55a6e1c31e,97,BIT_PHASE_FLIP,Y,1000,992,8,0.992,0.008,0.008,0.02,0.0154,LEGITIMATE
ec7e5762-7873-4648-a5c0-901efb6b0e9c,98,BIT_PHASE_FLIP,Z,1000,10,990,0.01,0.99,0.99,0.02,0.0154,SUSPICIOUS / ATTACK
9f7b26c9-df78-459d-af38-7de69b589d20,98,BIT_PHASE_FLIP,X,1000,8,992,0.008,0.992,0.992,0.02,0.0154,SUSPICIOUS / ATTACK
ecc7ffee-6e5c-48d5-8deb-bab304d7634f,98,BIT_PHASE_FLIP,Y,1000,984,16,0.984,0.016,0.016,0.02,0.0154,SUSPICIOUS / ATTACK
edfe459a-9c4d-43f2-825a-f3573d72d630,99,BIT_PHASE_FLIP,Z,1000,13,987,0.013,0.987,0.987,0.02,0.0154,SUSPICIOUS / ATTACK
3691d8b1-d8bf-4fa5-a569-70f1fc996872,99,BIT_PHASE_FLIP,X,1000,12,988,0.012,0.988,0.988,0.02,0.0154,SUSPICIOUS / ATTACK
ef4c5588-ec02-4c26-9929-30b983ce02ae,99,BIT_PHASE_FLIP,Y,1000,992,8,0.992,0.008,0.008,0.02,0.0154,LEGITIMATE
d0c9dcf8-6957-41cc-886b-fe41f5431c9d,100,BIT_PHASE_FLIP,Z,1000,14,986,0.014,0.986,0.986,0.02,0.0154,SUSPICIOUS / ATTACK
e66c6257-3445-458b-ab1b-52121bd62b1f,100,BIT_PHASE_FLIP,X,1000,8,992,0.008,0.992,0.992,0.02,0.0154,SUSPICIOUS / ATTACK
6d09183c-e3f1-42db-b7bc-725fd2caadcb,100,BIT_PHASE_FLIP,Y,1000,990,10,0.99,0.01,0.01,0.02,0.0154,LEGITIMATE
caf8f1b7-ca49-40e4-90dd-1b92375e64e4,101,BIT_PHASE_FLIP,Z,1000,5,995,0.005,0.995,0.995,0.02,0.0154,SUSPICIOUS / ATTACK
112c0e56-4a95-4102-a639-ba3a5b6362c5,101,BIT_PHASE_FLIP,X,1000,4,996,0.004,0.996,0.996,0.02,0.0154,SUSPICIOUS / ATTACK
efcfc5c1-e758-4e14-8405-90305649f832,101,BIT_PHASE_FLIP,Y,1000,987,13,0.987,0.013,0.013,0.02,0.0154,LEGITIMATE
fdad6543-4b94-42c1-bd16-cb822643e560,102,BIT_PHASE_FLIP,Z,1000,15,985,0.015,0.985,0.985,0.02,0.0154,SUSPICIOUS / ATTACK
2883c204-4a6e-48bf-a22a-3acbb9073999,102,BIT_PHASE_FLIP,X,1000,16,984,0.016,0.984,0.984,0.02,0.0154,SUSPICIOUS / ATTACK
311d2db0-ee82-4b84-a236-55011f8a94b4,102,BIT_PHASE_FLIP,Y,1000,992,8,0.992,0.008,0.008,0.02,0.0154,LEGITIMATE
3f8a82e0-4b47-4112-ba20-be6b9f8e19d5,103,BIT_PHASE_FLIP,Z,1000,10,990,0.01,0.99,0.99,0.02,0.0154,SUSPICIOUS / ATTACK
8ff7144f-0193-41da-b326-95c6414172c3,103,BIT_PHASE_FLIP,X,1000,7,993,0.007,0.993,0.993,0.02,0.0154,SUSPICIOUS / ATTACK
689075ff-c176-45a2-9add-f0c44a2c2779,103,BIT_PHASE_FLIP,Y,1000,988,12,0.988,0.012,0.012,0.02,0.0154,LEGITIMATE
21754a1d-6d62-435c-89b7-9387cd3ed548,104,BIT_PHASE_FLIP,Z,1000,12,988,0.012,0.988,0.988,0.02,0.0154,SUSPICIOUS / ATTACK
8c60f3ff-08c7-48bc-85c1-a73888827a0a,104,BIT_PHASE_FLIP,X,1000,9,991,0.009,0.991,0.991,0.02,0.0154,SUSPICIOUS / ATTACK
a6d7a39b-dc0f-456a-a404-ce10d15df7f3,104,BIT_PHASE_FLIP,Y,1000,994,6,0.994,0.006,0.006,0.02,0.0154,LEGITIMATE
24d0154f-28f6-4b16-896a-f6100abbf9ee,105,BIT_PHASE_FLIP,Z,1000,9,991,0.009,0.991,0.991,0.02,0.0154,SUSPICIOUS / ATTACK
b838eab7-ed97-490a-aa49-c1989de59a86,105,BIT_PHASE_FLIP,X,1000,8,992,0.008,0.992,0.992,0.02,0.0154,SUSPICIOUS / ATTACK
6eda9e23-db67-43e9-b801-ca45ed431546,105,BIT_PHASE_FLIP,Y,1000,985,15,0.985,0.015,0.015,0.02,0.0154,LEGITIMATE
cc01f3a3-58c7-4407-8818-556f9a3d1f82,106,BIT_PHASE_FLIP,Z,1000,3,997,0.003,0.997,0.997,0.02,0.0154,SUSPICIOUS / ATTACK
0d745c6b-34b7-4dcb-882d-ca328a0ff6a8,106,BIT_PHASE_FLIP,X,1000,7,993,0.007,0.993,0.993,0.02,0.0154,SUSPICIOUS / ATTACK
a7155fd5-dd7d-4fca-8301-3ffc976269ff,106,BIT_PHASE_FLIP,Y,1000,990,10,0.99,0.01,0.01,0.02,0.0154,LEGITIMATE
692b603c-7abe-45f1-b3a4-a9f7842eb899,107,BIT_PHASE_FLIP,Z,1000,9,991,0.009,0.991,0.991,0.02,0.0154,SUSPICIOUS / ATTACK
7042d807-ad4a-4a54-96aa-9983e5f1bde6,107,BIT_PHASE_FLIP,X,1000,9,991,0.009,0.991,0.991,0.02,0.0154,SUSPICIOUS / ATTACK
f3c21d26-9d7b-47f2-9f44-a9240be69e91,107,BIT_PHASE_FLIP,Y,1000,991,9,0.991,0.009,0.009,0.02,0.0154,LEGITIMATE
a2c4cfbb-97c2-4091-9d9a-465c5f3f5258,108,BIT_PHASE_FLIP,Z,1000,8,992,0.008,0.992,0.992,0.02,0.0154,SUSPICIOUS / ATTACK
f15d7304-f8d9-46f2-970a-63f5120a4025,108,BIT_PHASE_FLIP,X,1000,11,989,0.011,0.989,0.989,0.02,0.0154,SUSPICIOUS / ATTACK
81e3fbf8-9879-4cc3-af2e-1d91a5d9a051,108,BIT_PHASE_FLIP,Y,1000,985,15,0.985,0.015,0.015,0.02,0.0154,LEGITIMATE
91a64433-eee7-4817-911d-1e2b1a5211eb,109,BIT_PHASE_FLIP,Z,1000,14,986,0.014,0.986,0.986,0.02,0.0154,SUSPICIOUS / ATTACK
8124da38-821d-4794-a993-823dec160a3f,109,BIT_PHASE_FLIP,X,1000,16,984,0.016,0.984,0.984,0.02,0.0154,SUSPICIOUS / ATTACK
326b13b8-1a70-49ff-876d-c39357d77c7c,109,BIT_PHASE_FLIP,Y,1000,988,12,0.988,0.012,0.012,0.02,0.0154,LEGITIMATE
32d9818c-e219-4053-8baf-dbfca5de4366,110,BIT_PHASE_FLIP,Z,1000,9,991,0.009,0.991,0.991,0.02,0.0154,SUSPICIOUS / ATTACK
341cdefc-6a11-433a-933b-e8b614168dbb,110,BIT_PHASE_FLIP,X,1000,10,990,0.01,0.99,0.99,0.02,0.0154,SUSPICIOUS / ATTACK
dff0d498-0094-4035-ad32-f5797387501b,110,BIT_PHASE_FLIP,Y,1000,991,9,0.991,0.009,0.009,0.02,0.0154,LEGITIMATE
69e6366c-3a91-4e94-9d24-f494a55d47d3,111,BIT_PHASE_FLIP,Z,1000,9,991,0.009,0.991,0.991,0.02,0.0154,SUSPICIOUS / ATTACK
0635ce97-883a-46b5-b006-9747cf4f0883,111,BIT_PHASE_FLIP,X,1000,8,992,0.008,0.992,0.992,0.02,0.0154,SUSPICIOUS / ATTACK
02d34fc8-174e-46f1-899a-e79735a8a35f,111,BIT_PHASE_FLIP,Y,1000,991,9,0.991,0.009,0.009,0.02,0.0154,LEGITIMATE
206215e7-9dc6-4a45-8cb8-23afcce8824d,112,BIT_PHASE_FLIP,Z,1000,8,992,0.008,0.992,0.992,0.02,0.0154,SUSPICIOUS / ATTACK
d15a1647-193b-4023-a15d-5a96c518b24b,112,BIT_PHASE_FLIP,X,1000,13,987,0.013,0.987,0.987,0.02,0.0154,SUSPICIOUS / ATTACK
2b7a3d8d-a370-4cce-aa24-9ee19f21d50e,112,BIT_PHASE_FLIP,Y,1000,991,9,0.991,0.009,0.009,0.02,0.0154,LEGITIMATE
d8178155-4ac8-418e-8401-d81cbf174e54,113,BIT_PHASE_FLIP,Z,1000,13,987,0.013,0.987,0.987,0.02,0.0154,SUSPICIOUS / ATTACK
26006a3e-38c4-40e4-b7a5-9f788234ed4d,113,BIT_PHASE_FLIP,X,1000,13,987,0.013,0.987,0.987,0.02,0.0154,SUSPICIOUS / ATTACK
6b159fc4-c44c-4652-b094-da10a32a9e2c,113,BIT_PHASE_FLIP,Y,1000,990,10,0.99,0.01,0.01,0.02,0.0154,LEGITIMATE
06ec68e2-031c-4b06-a32c-2c60e4a480d1,114,BIT_PHASE_FLIP,Z,1000,7,993,0.007,0.993,0.993,0.02,0.0154,SUSPICIOUS / ATTACK
e3fc428d-8a08-4ddf-a658-8effeedf24c5,114,BIT_PHASE_FLIP,X,1000,6,994,0.006,0.994,0.994,0.02,0.0154,SUSPICIOUS / ATTACK
3465acda-bef1-474e-9664-92809f6fe05d,114,BIT_PHASE_FLIP,Y,1000,995,5,0.995,0.005,0.005,0.02,0.0154,LEGITIMATE
8f045e48-6be8-489f-a72b-da896b250a12,115,BIT_PHASE_FLIP,Z,1000,4,996,0.004,0.996,0.996,0.02,0.0154,SUSPICIOUS / ATTACK
9e256d77-42d0-4e54-95e4-782569a9979d,115,BIT_PHASE_FLIP,X,1000,12,988,0.012,0.988,0.988,0.02,0.0154,SUSPICIOUS / ATTACK
64cd20ac-2ece-42d2-adfb-28d1023210ad,115,BIT_PHASE_FLIP,Y,1000,989,11,0.989,0.011,0.011,0.02,0.0154,LEGITIMATE
cfd9ff55-ef25-4068-b360-4ae220cff9f9,116,BIT_PHASE_FLIP,Z,1000,12,988,0.012,0.988,0.988,0.02,0.0154,SUSPICIOUS / ATTACK
28697f3a-c5b2-4100-a3bc-3f432457e1fb,116,BIT_PHASE_FLIP,X,1000,14,986,0.014,0.986,0.986,0.02,0.0154,SUSPICIOUS / ATTACK
3269d62e-ff6b-448e-b16d-04c11c46866b,116,BIT_PHASE_FLIP,Y,1000,986,14,0.986,0.014,0.014,0.02,0.0154,LEGITIMATE
b00cf644-bfa0-438a-a335-e8b453ecf600,117,BIT_PHASE_FLIP,Z,1000,16,984,0.016,0.984,0.984,0.02,0.0154,SUSPICIOUS / ATTACK
9ebf8f62-eb5d-4def-b6e9-8f0609f49590,117,BIT_PHASE_FLIP,X,1000,11,989,0.011,0.989,0.989,0.02,0.0154,SUSPICIOUS / ATTACK
fdaf1648-1eaf-49f5-9776-368ae444d5e5,117,BIT_PHASE_FLIP,Y,1000,993,7,0.993,0.007,0.007,0.02,0.0154,LEGITIMATE
6d2dd10a-e8b0-47e5-8032-88178737766d,118,BIT_PHASE_FLIP,Z,1000,5,995,0.005,0.995,0.995,0.02,0.0154,SUSPICIOUS / ATTACK
5d53febc-6c67-4943-8882-997eeb91ac41,118,BIT_PHASE_FLIP,X,1000,8,992,0.008,0.992,0.992,0.02,0.0154,SUSPICIOUS / ATTACK
3475fcb0-efff-4e52-80d9-a17a21eb58ec,118,BIT_PHASE_FLIP,Y,1000,989,11,0.989,0.011,0.011,0.02,0.0154,LEGITIMATE
c9dbee88-04b8-4686-a3d5-6437e99278db,119,BIT_PHASE_FLIP,Z,1000,11,989,0.011,0.989,0.989,0.02,0.0154,SUSPICIOUS / ATTACK
abf43e1c-7329-4c95-a216-e4149d85c573,119,BIT_PHASE_FLIP,X,1000,10,990,0.01,0.99,0.99,0.02,0.0154,SUSPICIOUS / ATTACK
1c06aabe-a2af-46a6-854f-bf1e6781e58c,119,BIT_PHASE_FLIP,Y,1000,989,11,0.989,0.011,0.011,0.02,0.0154,LEGITIMATE
a44dba48-a6d8-4f4d-b20c-d7742a13ee88,120,BIT_PHASE_FLIP,Z,1000,10,990,0.01,0.99,0.99,0.02,0.0154,SUSPICIOUS / ATTACK
c0038565-8d0b-4a0f-9dfc-9413492447f5,120,BIT_PHASE_FLIP,X,1000,11,989,0.011,0.989,0.989,0.02,0.0154,SUSPICIOUS / ATTACK
ed348bad-ace1-4da0-8528-41bc399db162,120,BIT_PHASE_FLIP,Y,1000,988,12,0.988,0.012,0.012,0.02,0.0154,LEGITIMATE
